"alternate","js-lightbox-media-link href","photo-box-img src","arrange_unit","menu-item-details-description","menu-item-price-amount","js-lightbox-media-link href 2","photo-box-img src 2","arrange_unit 2","arrange_unit href","menu-item-details-description 2","menu-item-details-stats","icon_svg href","menu-item-price-amount 2","js-lightbox-media-link href 3","photo-box-img src 3","arrange_unit 3","menu-item-details-description 3","menu-item-price-amount 3","js-lightbox-media-link href 4","photo-box-img src 4","arrange_unit 4","menu-item-details-description 4","menu-item-price-amount 4","js-lightbox-media-link href 5","photo-box-img src 5","arrange_unit 5","menu-item-details-description 5","menu-item-price-amount 5","js-lightbox-media-link href 8","photo-box-img src 8","arrange_unit 8","menu-item-details-description 8","menu-item-price-amount 8","arrange_unit 10"
"HAND CRAFTED TACOS!","","","","","","","","","","","","","","","","","","","","","","","","","","","","","","","","","",""
"","https://www.yelp.com/biz_user_photos/mC0Oir4IMjMSzJGORIW6pw/upload","https://s3-media0.fl.yelpcdn.com/assets/2/www/img/dca54f97fb84/default_avatars/menu_medium_square.png","TACO - TINGA","SPICY PULLED CHICKEN PAIRED WITH HABANERO SALSA*ALL TACOS SERVED WITH ONIONS, CILANTRO, SALSA, COTIJA CHEESE, CREMA AND CHOICE OF PROTEIN ON A CORN TORTILLA. GARNISHED WITH SLICES OF RADISH & LIME WEDGES.**ALLERGY ALERT: IF YOU OR SOMEONE IN YOUR PARTY HAS A FOOD ALLERGY, PLEASE PLACE ORDER OVER THE PHONE. **CROSS-CONTAMINATION ALERT: ALTHOUGH WE TRY OUR BEST, UNFORTUNATELY CROSS-CONTACT WITH OTHER INGREDIENTS MAY OCCUR. REGRETTABLY, WE CANNOT GUARANTEE THE COMPLETE ABSENSE OF ALLERGENS.","$5.50","https://www.yelp.com/menu/tacoria-princeton/item/taco-pollo-asado","https://s3-media0.fl.yelpcdn.com/bphoto/eCt7nhzgk_K-WHWIz5umNQ/60s.jpg","TACO -  POLLO ASADO","https://www.yelp.com/menu/tacoria-princeton/item/taco-pollo-asado","CITRUS KISSED GRILLED CHICKEN PAIRED WITH HABANERO SALSA*ALL TACOS SERVED WITH ONIONS, CILANTRO, SALSA, COTIJA CHEESE, CREMA AND CHOICE OF PROTEIN ON A CORN TORTILLA. GARNISHED WITH SLICES OF RADISH & LIME WEDGES.**ALLERGY ALERT: IF YOU OR SOMEONE IN YOUR PARTY HAS A FOOD ALLERGY, PLEASE PLACE ORDER OVER THE PHONE. **CROSS-CONTAMINATION ALERT: ALTHOUGH WE TRY OUR BEST, UNFORTUNATELY CROSS-CONTACT WITH OTHER INGREDIENTS MAY OCCUR. REGRETTABLY, WE CANNOT GUARANTEE THE COMPLETE ABSENSE OF ALLERGENS.","3 photos","[object Object]","$5.50","https://www.yelp.com/biz_user_photos/mC0Oir4IMjMSzJGORIW6pw/upload","https://s3-media0.fl.yelpcdn.com/assets/2/www/img/dca54f97fb84/default_avatars/menu_medium_square.png","TACO - POLLO AL PASTOR","CHICKEN MARINATED IN HOUSE BLEND OF SPICES & PINEAPPLES, PAIRED WITH AVOCADO VERDE SALSA.*ALL TACOS SERVED WITH ONIONS, CILANTRO, SALSA, COTIJA CHEESE, CREMA AND CHOICE OF PROTEIN ON A CORN TORTILLA. GARNISHED WITH SLICES OF RADISH & LIME WEDGES.**ALLERGY ALERT: IF YOU OR SOMEONE IN YOUR PARTY HAS A FOOD ALLERGY, PLEASE PLACE ORDER OVER THE PHONE. **CROSS-CONTAMINATION ALERT: ALTHOUGH WE TRY OUR BEST, UNFORTUNATELY CROSS-CONTACT WITH OTHER INGREDIENTS MAY OCCUR. REGRETTABLY, WE CANNOT GUARANTEE THE COMPLETE ABSENSE OF ALLERGENS.","$6.70","https://www.yelp.com/menu/tacoria-princeton/item/taco-chorizo","https://s3-media0.fl.yelpcdn.com/bphoto/FcT6fJFROtYdQwwWm-gAXg/60s.jpg","TACO - CHORIZO","SPICY GROUND PORK PAIRED WITH SALSA VERDE*ALL TACOS SERVED WITH ONIONS, CILANTRO, SALSA, COTIJA CHEESE, CREMA AND CHOICE OF PROTEIN ON A CORN TORTILLA. GARNISHED WITH SLICES OF RADISH & LIME WEDGES.**ALLERGY ALERT: IF YOU OR SOMEONE IN YOUR PARTY HAS A FOOD ALLERGY, PLEASE PLACE ORDER OVER THE PHONE. **CROSS-CONTAMINATION ALERT: ALTHOUGH WE TRY OUR BEST, UNFORTUNATELY CROSS-CONTACT WITH OTHER INGREDIENTS MAY OCCUR. REGRETTABLY, WE CANNOT GUARANTEE THE COMPLETE ABSENSE OF ALLERGENS.","$5.50","https://www.yelp.com/biz_user_photos/mC0Oir4IMjMSzJGORIW6pw/upload","https://s3-media0.fl.yelpcdn.com/assets/2/www/img/dca54f97fb84/default_avatars/menu_medium_square.png","TACO - AL PASTO","PORK MARINATED IN SPICES & PINEAPPLES*ALL TACOS SERVED WITH ONIONS, CILANTRO, SALSA, COTIJA CHEESE, CREMA AND CHOICE OF PROTEIN ON A CORN TORTILLA. GARNISHED WITH SLICES OF RADISH & LIME WEDGES.**ALLERGY ALERT: IF YOU OR SOMEONE IN YOUR PARTY HAS A FOOD ALLERGY, PLEASE PLACE ORDER OVER THE PHONE. **CROSS-CONTAMINATION ALERT: ALTHOUGH WE TRY OUR BEST, UNFORTUNATELY CROSS-CONTACT WITH OTHER INGREDIENTS MAY OCCUR. REGRETTABLY, WE CANNOT GUARANTEE THE COMPLETE ABSENSE OF ALLERGENS.","$6.70","https://www.yelp.com/biz_user_photos/mC0Oir4IMjMSzJGORIW6pw/upload","https://s3-media0.fl.yelpcdn.com/assets/2/www/img/dca54f97fb84/default_avatars/menu_medium_square.png","TACO - RAJAS (VEGGIE)","ROASTED CORN & POBLANO PEPPERS PAIRED WITH SMOKY ROJA SALSA (VEGETARIAN)  *ALL TACOS SERVED WITH ONIONS, CILANTRO, SALSA, COTIJA CHEESE, CREMA AND CHOICE OF PROTEIN ON A CORN TORTILLA. GARNISHED WITH SLICES OF RADISH & LIME WEDGES.**ALLERGY ALERT: IF YOU OR SOMEONE IN YOUR PARTY HAS A FOOD ALLERGY, PLEASE PLACE ORDER OVER THE PHONE. **CROSS-CONTAMINATION ALERT: ALTHOUGH WE TRY OUR BEST, UNFORTUNATELY CROSS-CONTACT WITH OTHER INGREDIENTS MAY OCCUR. REGRETTABLY, WE CANNOT GUARANTEE THE COMPLETE ABSENSE OF ALLERGENS.","$5.50","TACO - BEYOND TACORIZO (VEGGIE)"
"MISSION STYLE BURRITOS!","","","","","","","","","","","","","","","","","","","","","","","","","","","","","","","","","",""
"","https://www.yelp.com/biz_user_photos/mC0Oir4IMjMSzJGORIW6pw/upload","https://s3-media0.fl.yelpcdn.com/assets/2/www/img/dca54f97fb84/default_avatars/menu_medium_square.png","BURRITO - TINGA","SPICY PULLED CHICKEN PAIRED WITH HABANERO SALSA  *ALL BURRITOS SERVED WITH BLACK BEANS, SEASONED RICE, SALSA, CHEESE, CREMA & CHOICE OF PROTEIN IN A GRILLED FLOUR TORTILLA.**ALLERGY ALERT: IF YOU OR SOMEONE IN YOUR PARTY HAS A FOOD ALLERGY, PLEASE PLACE ORDER OVER THE PHONE.**CROSS-CONTAMINATION ALERT: ALTHOUGH WE TRY OUR BEST, UNFORTUNATELY CROSS-CONTACT WITH OTHER INGREDIENTS MAY OCCUR. REGRETTABLY, WE CANNOT GUARANTEE THE COMPLETE ABSENSE OF ALLERGENS.","$13.15","https://www.yelp.com/menu/tacoria-princeton/item/burrito-pollo-asado","https://s3-media0.fl.yelpcdn.com/bphoto/vQVnOb0GUSWRElL3kmS_Eg/60s.jpg","BURRITO - POLLO ASADO","https://www.yelp.com/menu/tacoria-princeton/item/burrito-pollo-asado","CITRUS KISSED GRILLED CHICKEN PAIRED WITH HABANERO SALSA*ALL BURRITOS SERVED WITH BLACK BEANS, SEASONED RICE, SALSA, CHEESE, CREMA & CHOICE OF PROTEIN IN A GRILLED FLOUR TORTILLA.**ALLERGY ALERT: IF YOU OR SOMEONE IN YOUR PARTY HAS A FOOD ALLERGY, PLEASE PLACE ORDER OVER THE PHONE. **CROSS-CONTAMINATION ALERT: ALTHOUGH WE TRY OUR BEST, UNFORTUNATELY CROSS-CONTACT WITH OTHER INGREDIENTS MAY OCCUR. REGRETTABLY, WE CANNOT GUARANTEE THE COMPLETE ABSENSE OF ALLERGENS.","4 photos","[object Object]","$13.15","https://www.yelp.com/biz_user_photos/mC0Oir4IMjMSzJGORIW6pw/upload","https://s3-media0.fl.yelpcdn.com/assets/2/www/img/dca54f97fb84/default_avatars/menu_medium_square.png","BURRITO - POLLO AL PASTOR","Chicken marinated in house blend of spices & pineapple paired with avocado verde salsa all burritos served with black beans, seasoned rice, salsa, cheese, crema & choice of protein in a grilled flour tortilla.","$14.95","https://www.yelp.com/menu/tacoria-princeton/item/burrito-al-pastor","https://s3-media0.fl.yelpcdn.com/bphoto/ZS0psmseZcqHIE5f5SK7yQ/60s.jpg","BURRITO - AL PASTOR","PORK MARINATED IN SPICES & PINEAPPLES  *ALL BURRITOS SERVED WITH BLACK BEANS, SEASONED RICE, SALSA, CHEESE, CREMA & CHOICE OF PROTEIN IN A GRILLED FLOUR TORTILLA.**ALLERGY ALERT: IF YOU OR SOMEONE IN YOUR PARTY HAS A FOOD ALLERGY, PLEASE PLACE ORDER OVER THE PHONE. **CROSS-CONTAMINATION ALERT: ALTHOUGH WE TRY OUR BEST, UNFORTUNATELY CROSS-CONTACT WITH OTHER INGREDIENTS MAY OCCUR. REGRETTABLY, WE CANNOT GUARANTEE THE COMPLETE ABSENSE OF ALLERGENS.","$14.95","https://www.yelp.com/biz_user_photos/mC0Oir4IMjMSzJGORIW6pw/upload","https://s3-media0.fl.yelpcdn.com/assets/2/www/img/dca54f97fb84/default_avatars/menu_medium_square.png","BURRITO - CHORIZO","SPICY GROUND PORK PAIRED WITH SALSA VERDE *ALL BURRITOS SERVED WITH BLACK BEANS, SEASONED RICE, SALSA, CHEESE, CREMA & CHOICE OF PROTEIN IN A GRILLED FLOUR TORTILLA.**ALLERGY ALERT: IF YOU OR SOMEONE IN YOUR PARTY HAS A FOOD ALLERGY, PLEASE PLACE ORDER OVER THE PHONE. **CROSS-CONTAMINATION ALERT: ALTHOUGH WE TRY OUR BEST, UNFORTUNATELY CROSS-CONTACT WITH OTHER INGREDIENTS MAY OCCUR. REGRETTABLY, WE CANNOT GUARANTEE THE COMPLETE ABSENSE OF ALLERGENS.","$13.15","https://www.yelp.com/biz_user_photos/mC0Oir4IMjMSzJGORIW6pw/upload","https://s3-media0.fl.yelpcdn.com/assets/2/www/img/dca54f97fb84/default_avatars/menu_medium_square.png","BURRITO - GOLDEN AVOCADO (VEGGIE)","LIGHTLY BREADED, SLICED AVOCADO PAIRED WITH CHIPOTLE AIOLI (VEGETARIAN)   *ALL BURRITOS SERVED WITH BLACK BEANS, SEASONED RICE, SALSA, CHEESE, CREMA & CHOICE OF PROTEIN IN A GRILLED FLOUR TORTILLA.**ALLERGY ALERT: IF YOU OR SOMEONE IN YOUR PARTY HAS A FOOD ALLERGY, PLEASE PLACE ORDER OVER THE PHONE. **CROSS-CONTAMINATION ALERT: ALTHOUGH WE TRY OUR BEST, UNFORTUNATELY CROSS-CONTACT WITH OTHER INGREDIENTS MAY OCCUR. REGRETTABLY, WE CANNOT GUARANTEE THE COMPLETE ABSENSE OF ALLERGENS.","$13.15","BURRITO - RAJAS (VEGGIE)"
"QUESADILLAS SUIZA!","","","","","","","","","","","","","","","","","","","","","","","","","","","","","","","","","",""
"","https://www.yelp.com/biz_user_photos/mC0Oir4IMjMSzJGORIW6pw/upload","https://s3-media0.fl.yelpcdn.com/assets/2/www/img/dca54f97fb84/default_avatars/menu_medium_square.png","QUESADILLA - TINGA","SPICY PULLED CHICKEN PAIRED WITH HABANERO SALSA*ALL QUESADILLA SUIZA COME WITH CHEESE, SALSA, & CREMA ALL MELTED IN A FLOUR TORTILLA.**ALLERGY ALERT: IF YOU OR SOMEONE IN YOUR PARTY HAS A FOOD ALLERGY, PLEASE PLACE ORDER OVER THE PHONE. **CROSS-CONTAMINATION ALERT: ALTHOUGH WE TRY OUR BEST, UNFORTUNATELY CROSS-CONTACT WITH OTHER INGREDIENTS MAY OCCUR. REGRETTABLY, WE CANNOT GUARANTEE THE COMPLETE ABSENSE OF ALLERGENS.","$12.60","https://www.yelp.com/menu/tacoria-princeton/item/quesadilla-carne-asada","https://s3-media0.fl.yelpcdn.com/bphoto/C7TZZdq7z1EZnVvkM7DtAA/60s.jpg","QUESADILLA - CARNE ASADA","https://www.yelp.com/menu/tacoria-princeton/item/quesadilla-carne-asada","SPICE MARINATED GRILLED STEAK PAIRED WITH SMOKY ROJA SALSA*ALL QUESADILLA SUIZA COME WITH CHEESE, SALSA, & CREMA ALL MELTED IN A FLOUR TORTILLA.**ALLERGY ALERT: IF YOU OR SOMEONE IN YOUR PARTY HAS A FOOD ALLERGY, PLEASE PLACE ORDER OVER THE PHONE. **CROSS-CONTAMINATION ALERT: ALTHOUGH WE TRY OUR BEST, UNFORTUNATELY CROSS-CONTACT WITH OTHER INGREDIENTS MAY OCCUR. REGRETTABLY, WE CANNOT GUARANTEE THE COMPLETE ABSENSE OF ALLERGENS.","1 photo","[object Object]","$15.00","https://www.yelp.com/biz_user_photos/mC0Oir4IMjMSzJGORIW6pw/upload","https://s3-media0.fl.yelpcdn.com/assets/2/www/img/dca54f97fb84/default_avatars/menu_medium_square.png","QUESADILLA - POLLO ASADO","CITRUS KISSED GRILLED CHICKEN PAIRED WITH HABANERO SALSA*ALL QUESADILLA SUIZA COME WITH CHEESE, SALSA, & CREMA ALL MELTED IN A FLOUR TORTILLA.**ALLERGY ALERT: IF YOU OR SOMEONE IN YOUR PARTY HAS A FOOD ALLERGY, PLEASE PLACE ORDER OVER THE PHONE. **CROSS-CONTAMINATION ALERT: ALTHOUGH WE TRY OUR BEST, UNFORTUNATELY CROSS-CONTACT WITH OTHER INGREDIENTS MAY OCCUR. REGRETTABLY, WE CANNOT GUARANTEE THE COMPLETE ABSENSE OF ALLERGENS.","$12.60","https://www.yelp.com/biz_user_photos/mC0Oir4IMjMSzJGORIW6pw/upload","https://s3-media0.fl.yelpcdn.com/assets/2/www/img/dca54f97fb84/default_avatars/menu_medium_square.png","QUESADILLA - CHEESE ONLY (VEGGIE)","CHEESE ONLY, NO SALSA, NO CREMA (VEGETARIAN)*ALL QUESADILLA SUIZA COME WITH CHEESE, SALSA, & CREMA ALL MELTED IN A FLOUR TORTILLA.**ALLERGY ALERT: IF YOU OR SOMEONE IN YOUR PARTY HAS A FOOD ALLERGY, PLEASE PLACE ORDER OVER THE PHONE. **CROSS-CONTAMINATION ALERT: ALTHOUGH WE TRY OUR BEST, UNFORTUNATELY CROSS-CONTACT WITH OTHER INGREDIENTS MAY OCCUR. REGRETTABLY, WE CANNOT GUARANTEE THE COMPLETE ABSENSE OF ALLERGENS.","$12.60","https://www.yelp.com/biz_user_photos/mC0Oir4IMjMSzJGORIW6pw/upload","https://s3-media0.fl.yelpcdn.com/assets/2/www/img/dca54f97fb84/default_avatars/menu_medium_square.png","QUESADILLA - POLLO AL PASTOR","Chicken marinated in house blend of spices & pineapple paired with avocado verde salsa all quesadilla suiza come with cheese, salsa, & crema all melted in a flour tortilla.","$14.40","https://www.yelp.com/biz_user_photos/mC0Oir4IMjMSzJGORIW6pw/upload","https://s3-media0.fl.yelpcdn.com/assets/2/www/img/dca54f97fb84/default_avatars/menu_medium_square.png","QUESADILLA - CHORIZO","SPICY GROUND PORK PAIRED WITH SALSA VERDE*ALL QUESADILLA SUIZA COME WITH CHEESE, SALSA, & CREMA ALL MELTED IN A FLOUR TORTILLA.**ALLERGY ALERT: IF YOU OR SOMEONE IN YOUR PARTY HAS A FOOD ALLERGY, PLEASE PLACE ORDER OVER THE PHONE. **CROSS-CONTAMINATION ALERT: ALTHOUGH WE TRY OUR BEST, UNFORTUNATELY CROSS-CONTACT WITH OTHER INGREDIENTS MAY OCCUR. REGRETTABLY, WE CANNOT GUARANTEE THE COMPLETE ABSENSE OF ALLERGENS.","$12.60","QUESADILLA - AL PASTOR"
"BOX!","","","","","","","","","","","","","","","","","","","","","","","","","","","","","","","","","",""
"","https://www.yelp.com/biz_user_photos/mC0Oir4IMjMSzJGORIW6pw/upload","https://s3-media0.fl.yelpcdn.com/assets/2/www/img/dca54f97fb84/default_avatars/menu_medium_square.png","BOX - TINGA","SPICY PULLED CHICKEN PAIRED WITH HABANERO SALSA  **ALLERGY ALERT: IF YOU OR SOMEONE IN YOUR PARTY HAS A FOOD ALLERGY, PLEASE PLACE ORDER OVER THE PHONE. **CROSS-CONTAMINATION ALERT: ALTHOUGH WE TRY OUR BEST, UNFORTUNATELY CROSS-CONTACT WITH OTHER INGREDIENTS MAY OCCUR. REGRETTABLY, WE CANNOT GUARANTEE THE COMPLETE ABSENSE OF ALLERGENS.","$13.15","https://www.yelp.com/menu/tacoria-princeton/item/box-pollo-asado","https://s3-media0.fl.yelpcdn.com/bphoto/Gy9yHJ9CK1Dvz9CS-r3tzA/60s.jpg","BOX - POLLO ASADO","https://www.yelp.com/menu/tacoria-princeton/item/box-pollo-asado","CITRUS KISSED GRILLED CHICKEN PAIRED WITH HABANERO SALSA  *ALL BURRITO BOXES COME WITH CHOICE OF PROTEIN SERVED OVER RICE, BLACK BEANS, CHEESE, SALSA, PICO DE GALLO & CREMA **ALLERGY ALERT: IF YOU OR SOMEONE IN YOUR PARTY HAS A FOOD ALLERGY, PLEASE PLACE ORDER OVER THE PHONE. **CROSS-CONTAMINATION ALERT: ALTHOUGH WE TRY OUR BEST, UNFORTUNATELY CROSS-CONTACT WITH OTHER INGREDIENTS MAY OCCUR. REGRETTABLY, WE CANNOT GUARANTEE THE COMPLETE ABSENSE OF ALLERGENS.","5 photos","[object Object]","$13.15","https://www.yelp.com/biz_user_photos/mC0Oir4IMjMSzJGORIW6pw/upload","https://s3-media0.fl.yelpcdn.com/assets/2/www/img/dca54f97fb84/default_avatars/menu_medium_square.png","BOX - GOLDEN AVOCADO (VEGGIE)","LIGHTLY BREADED, SLICED AVOCADO PAIRED WITH CHIPOTLE AIOLI (VEGETARIAN)   *ALL BURRITO BOXES COME WITH CHOICE OF PROTEIN SERVED OVER RICE, BLACK BEANS, CHEESE, SALSA, PICO DE GALLO & CREMA**ALLERGY ALERT: IF YOU OR SOMEONE IN YOUR PARTY HAS A FOOD ALLERGY, PLEASE PLACE ORDER OVER THE PHONE. **CROSS-CONTAMINATION ALERT: ALTHOUGH WE TRY OUR BEST, UNFORTUNATELY CROSS-CONTACT WITH OTHER INGREDIENTS MAY OCCUR. REGRETTABLY, WE CANNOT GUARANTEE THE COMPLETE ABSENSE OF ALLERGENS.","$13.15","https://www.yelp.com/menu/tacoria-princeton/item/box-pollo-al-pastor","https://s3-media0.fl.yelpcdn.com/bphoto/Gy9yHJ9CK1Dvz9CS-r3tzA/60s.jpg","BOX - POLLO AL PASTOR","CHICKEN MARINATED IN HOUSE BLEND OF SPICES & PINEAPPLES, PAIRED WITH AVOCADO VERDE SALSA*ALL BURRITO BOXES COME WITH CHOICE OF PROTEIN SERVED OVER RICE, BLACK BEANS, CHEESE, SALSA, PICO DE GALLO & CREMA**ALLERGY ALERT: IF YOU OR SOMEONE IN YOUR PARTY HAS A FOOD ALLERGY, PLEASE PLACE ORDER OVER THE PHONE. **CROSS-CONTAMINATION ALERT: ALTHOUGH WE TRY OUR BEST, UNFORTUNATELY CROSS-CONTACT WITH OTHER INGREDIENTS MAY OCCUR. REGRETTABLY, WE CANNOT GUARANTEE THE COMPLETE ABSENSE OF ALLERGENS.","$14.95","https://www.yelp.com/biz_user_photos/mC0Oir4IMjMSzJGORIW6pw/upload","https://s3-media0.fl.yelpcdn.com/assets/2/www/img/dca54f97fb84/default_avatars/menu_medium_square.png","BOX - RAJAS (VEGGIE)","ROASTED CORN & POBLANO PEPPERS SERVED WITH SMOKY ROJA SALSA (VEGETARIAN)                                                                                                                                                                                                                                                                                                       *ALL BURRITO BOXES COME WITH CHOICE OF PROTEIN SERVED OVER RICE, BLACK BEANS, CHEESE, SALSA, PICO DE GALLO & CREMA **ALLERGY ALERT: IF YOU OR SOMEONE IN YOUR PARTY HAS A FOOD ALLERGY, PLEASE PLACE ORDER OVER THE PHONE. **CROSS-CONTAMINATION ALERT: ALTHOUGH WE TRY OUR BEST, UNFORTUNATELY CROSS-CONTACT WITH OTHER INGREDIENTS MAY OCCUR. REGRETTABLY, WE CANNOT GUARANTEE THE COMPLETE ABSENSE OF ALLERGENS.","$13.15","https://www.yelp.com/menu/tacoria-princeton/item/box-beyond-tacorizo-veggie","https://s3-media0.fl.yelpcdn.com/bphoto/dMiTk_q4G-7C7Mrtm4ABpQ/60s.jpg","BOX - BEYOND TACORIZO (VEGGIE)","MADE WITH VEGAN BEYOND 'MEAT', SEASONING, SPICES (VEGETARIAN)*ALL BURRITO BOXES COME WITH CHOICE OF PROTEIN SERVED OVER RICE, BLACK BEANS, CHEESE, SALSA, PICO DE GALLO & CREMA **ALLERGY ALERT: IF YOU OR SOMEONE IN YOUR PARTY HAS A FOOD ALLERGY, PLEASE PLACE ORDER OVER THE PHONE. **CROSS-CONTAMINATION ALERT: ALTHOUGH WE TRY OUR BEST, UNFORTUNATELY CROSS-CONTACT WITH OTHER INGREDIENTS MAY OCCUR. REGRETTABLY, WE CANNOT GUARANTEE THE COMPLETE ABSENSE OF ALLERGENS.","$14.95","BOX - BRUSSELS SPROUTS (VEGGIE)"
"EN-SALAD-A!","","","","","","","","","","","","","","","","","","","","","","","","","","","","","","","","","",""
"","https://www.yelp.com/biz_user_photos/mC0Oir4IMjMSzJGORIW6pw/upload","https://s3-media0.fl.yelpcdn.com/assets/2/www/img/dca54f97fb84/default_avatars/menu_medium_square.png","SALAD - TINGA","SPICY PULLED CHICKEN *ALL SALADS SERVED WITH CHOICE OF PROTEIN, SLICED AVOCADO, BLACK BEANS, PICO DE GALLO & CHEESE SERVED ON A BED OF ROMAINE LETTUCE. SERVED WITH TACORIA'S HOUSE-MADE PINEAPPLE LIME DRESSING. **ALLERGY ALERT: IF YOU OR SOMEONE IN YOUR PARTY HAS A FOOD ALLERGY, PLEASE PLACE ORDER OVER THE PHONE. **CROSS-CONTAMINATION ALERT: ALTHOUGH WE TRY OUR BEST, UNFORTUNATELY CROSS-CONTACT WITH OTHER INGREDIENTS MAY OCCUR. REGRETTABLY, WE CANNOT GUARANTEE THE COMPLETE ABSENSE OF ALLERGENS.","$13.15","","","","","","","","","https://www.yelp.com/biz_user_photos/mC0Oir4IMjMSzJGORIW6pw/upload","https://s3-media0.fl.yelpcdn.com/assets/2/www/img/dca54f97fb84/default_avatars/menu_medium_square.png","SALAD - POLLO ASADO","CITRUS KISSES GRILLED CHICKEN *ALL SALADS SERVED WITH CHOICE OF PROTEIN, SLICED AVOCADO, BLACK BEANS, PICO DE GALLO & CHEESE SERVED ON A BED OF ROMAINE LETTUCE. SERVED WITH TACORIA'S HOUSE-MADE PINEAPPLE LIME DRESSING. **ALLERGY ALERT: IF YOU OR SOMEONE IN YOUR PARTY HAS A FOOD ALLERGY, PLEASE PLACE ORDER OVER THE PHONE. **CROSS-CONTAMINATION ALERT: ALTHOUGH WE TRY OUR BEST, UNFORTUNATELY CROSS-CONTACT WITH OTHER INGREDIENTS MAY OCCUR. REGRETTABLY, WE CANNOT GUARANTEE THE COMPLETE ABSENSE OF ALLERGENS.","$13.15","https://www.yelp.com/biz_user_photos/mC0Oir4IMjMSzJGORIW6pw/upload","https://s3-media0.fl.yelpcdn.com/assets/2/www/img/dca54f97fb84/default_avatars/menu_medium_square.png","SALAD - BEYOND TACORIA (VEGGIE)","MADE WITH VEGAN BEYOND 'MEAT', SEASONING, SPICES (VEGETARIAN) *ALL SALADS SERVED WITH CHOICE OF PROTEIN, SLICED AVOCADO, BLACK BEANS, PICO DE GALLO & CHEESE SERVED ON A BED OF ROMAINE LETTUCE. SERVED WITH TACORIA'S HOUSE-MADE PINEAPPLE LIME DRESSING. **ALLERGY ALERT: IF YOU OR SOMEONE IN YOUR PARTY HAS A FOOD ALLERGY, PLEASE PLACE ORDER OVER THE PHONE. **CROSS-CONTAMINATION ALERT: ALTHOUGH WE TRY OUR BEST, UNFORTUNATELY CROSS-CONTACT WITH OTHER INGREDIENTS MAY OCCUR. REGRETTABLY, WE CANNOT GUARANTEE THE COMPLETE ABSENSE OF ALLERGENS.","$14.95","https://www.yelp.com/biz_user_photos/mC0Oir4IMjMSzJGORIW6pw/upload","https://s3-media0.fl.yelpcdn.com/assets/2/www/img/dca54f97fb84/default_avatars/menu_medium_square.png","SALAD - POLLO AL PASTOR","Chicken marinated in house blend of spices & pineapple paired with avocado verde all salads served with choice of protein, sliced avocado, black beans, pico de gallo & cheese served on a bed of romaine lettuce. served with tacoria pineapple lime dressing","$14.95","https://www.yelp.com/biz_user_photos/mC0Oir4IMjMSzJGORIW6pw/upload","https://s3-media0.fl.yelpcdn.com/assets/2/www/img/dca54f97fb84/default_avatars/menu_medium_square.png","SALAD -  CHORIZO","SPICY PORK*ALL SALADS SERVED WITH CHOICE OF PROTEIN, SLICED AVOCADO, BLACK BEANS, PICO DE GALLO & CHEESE SERVED ON A BED OF ROMAINE LETTUCE. SERVED WITH TACORIA'S HOUSE-MADE PINEAPPLE LIME DRESSING. **ALLERGY ALERT: IF YOU OR SOMEONE IN YOUR PARTY HAS A FOOD ALLERGY, PLEASE PLACE ORDER OVER THE PHONE. **CROSS-CONTAMINATION ALERT: ALTHOUGH WE TRY OUR BEST, UNFORTUNATELY CROSS-CONTACT WITH OTHER INGREDIENTS MAY OCCUR. REGRETTABLY, WE CANNOT GUARANTEE THE COMPLETE ABSENSE OF ALLERGENS.","$13.15","SALAD - AL PASTOR"
"VIVA LA NACHOS - PIE!","","","","","","","","","","","","","","","","","","","","","","","","","","","","","","","","","",""
"","https://www.yelp.com/biz_user_photos/mC0Oir4IMjMSzJGORIW6pw/upload","https://s3-media0.fl.yelpcdn.com/assets/2/www/img/dca54f97fb84/default_avatars/menu_medium_square.png","PIE - TINGA","SPICY PULLED CHICKEN PAIRED WITH HABANERO SALSA*FRESH HAND CUT CORN TORTILLA CHIPS TOPPED WITH YOUR CHOICE OF PROTEIN, SALSA, BLACK BEANS, CHEESE, CREMA & ESCABECHE PEPPERS (SMALL SIZE)**ALLERGY ALERT: IF YOU OR SOMEONE IN YOUR PARTY HAS A FOOD ALLERGY, PLEASE PLACE ORDER OVER THE PHONE. **CROSS-CONTAMINATION ALERT: ALTHOUGH WE TRY OUR BEST, UNFORTUNATELY CROSS-CONTACT WITH OTHER INGREDIENTS MAY OCCUR. REGRETTABLY, WE CANNOT GUARANTEE THE COMPLETE ABSENSE OF ALLERGENS.","$12.00","https://www.yelp.com/biz_user_photos/mC0Oir4IMjMSzJGORIW6pw/upload","https://s3-media0.fl.yelpcdn.com/assets/2/www/img/dca54f97fb84/default_avatars/menu_medium_square.png","PIE - NO PROTEIN (VEGGIE)","","NO PREOTEIN (VEGETERIAN)  *FRESH HAND CUT CORN TORTILLA CHIPS TOPPED WITH YOUR CHOICE OF PROTEIN, SALSA, BLACK BEANS, CHEESE, CREMA & ESCABECHE PEPPERS (SMALL SIZE)**ALLERGY ALERT: IF YOU OR SOMEONE IN YOUR PARTY HAS A FOOD ALLERGY, PLEASE PLACE ORDER OVER THE PHONE. **CROSS-CONTAMINATION ALERT: ALTHOUGH WE TRY OUR BEST, UNFORTUNATELY CROSS-CONTACT WITH OTHER INGREDIENTS MAY OCCUR. REGRETTABLY, WE CANNOT GUARANTEE THE COMPLETE ABSENSE OF ALLERGENS.","","","$12.00","https://www.yelp.com/biz_user_photos/mC0Oir4IMjMSzJGORIW6pw/upload","https://s3-media0.fl.yelpcdn.com/assets/2/www/img/dca54f97fb84/default_avatars/menu_medium_square.png","PIE - POLLO ASADO","CITRUS KISSED GRILLED CHICKEN PAIRED WITH HABANERO SALSA*FRESH HAND CUT CORN TORTILLA CHIPS TOPPED WITH YOUR CHOICE OF PROTEIN, SALSA, BLACK BEANS, CHEESE, CREMA & ESCABECHE PEPPERS (SMALL SIZE)**ALLERGY ALERT: IF YOU OR SOMEONE IN YOUR PARTY HAS A FOOD ALLERGY, PLEASE PLACE ORDER OVER THE PHONE. **CROSS-CONTAMINATION ALERT: ALTHOUGH WE TRY OUR BEST, UNFORTUNATELY CROSS-CONTACT WITH OTHER INGREDIENTS MAY OCCUR. REGRETTABLY, WE CANNOT GUARANTEE THE COMPLETE ABSENSE OF ALLERGENS.","$12.00","https://www.yelp.com/biz_user_photos/mC0Oir4IMjMSzJGORIW6pw/upload","https://s3-media0.fl.yelpcdn.com/assets/2/www/img/dca54f97fb84/default_avatars/menu_medium_square.png","PIE - BEYOND TACORIZO (VEGGIE)","MADE WITH VEGAN BEYOND 'MEAT', DEASONING, SPICES PAIRED WITH SALSA VERDE*FRESH HAND CUT CORN TORTILLA CHIPS TOPPED WITH YOUR CHOICE OF PROTEIN, SALSA, BLACK BEANS, CHEESE, CREMA & ESCABECHE PEPPERS (SMALL SIZE)**ALLERGY ALERT: IF YOU OR SOMEONE IN YOUR PARTY HAS A FOOD ALLERGY, PLEASE PLACE ORDER OVER THE PHONE. **CROSS-CONTAMINATION ALERT: ALTHOUGH WE TRY OUR BEST, UNFORTUNATELY CROSS-CONTACT WITH OTHER INGREDIENTS MAY OCCUR. REGRETTABLY, WE CANNOT GUARANTEE THE COMPLETE ABSENSE OF ALLERGENS.","$13.80","https://www.yelp.com/biz_user_photos/mC0Oir4IMjMSzJGORIW6pw/upload","https://s3-media0.fl.yelpcdn.com/assets/2/www/img/dca54f97fb84/default_avatars/menu_medium_square.png","PIE - POLLO AL PASTOR","Chicken marinated in house blend of spices & pineapple paired with avocado verde salsa fresh hand cut corn tortilla chips topped with your choice of protein, salsa, black beans, cheese, crema & escabeche peppers (small size)","$13.80","https://www.yelp.com/biz_user_photos/mC0Oir4IMjMSzJGORIW6pw/upload","https://s3-media0.fl.yelpcdn.com/assets/2/www/img/dca54f97fb84/default_avatars/menu_medium_square.png","PIE - CHORIZO","SPICY PORK PAIRED WITH SALSA VERDE   *FRESH HAND CUT CORN TORTILLA CHIPS TOPPED WITH YOUR CHOICE OF PROTEIN, SALSA, BLACK BEANS, CHEESE, CREMA & ESCABECHE PEPPERS (SMALL SIZE)**ALLERGY ALERT: IF YOU OR SOMEONE IN YOUR PARTY HAS A FOOD ALLERGY, PLEASE PLACE ORDER OVER THE PHONE. **CROSS-CONTAMINATION ALERT: ALTHOUGH WE TRY OUR BEST, UNFORTUNATELY CROSS-CONTACT WITH OTHER INGREDIENTS MAY OCCUR. REGRETTABLY, WE CANNOT GUARANTEE THE COMPLETE ABSENSE OF ALLERGENS.","$12.00","PIE - AL PASTOR"
"VIVA LA NACHOS - FULL!","","","","","","","","","","","","","","","","","","","","","","","","","","","","","","","","","",""
"","https://www.yelp.com/biz_user_photos/mC0Oir4IMjMSzJGORIW6pw/upload","https://s3-media0.fl.yelpcdn.com/assets/2/www/img/dca54f97fb84/default_avatars/menu_medium_square.png","FULL - TINGA","SPICY PULLED CHICKEN PAIRED WITH HABANERO SALSA*FRESH HAND CUT CORN TORTILLA CHIPS TOPPED WITH YOUR CHOICE OF PROTEIN, SALSA, BLACK BEANS, CHEESE, CREMA & ESCABECHE PEPPERS (RECOMMENDED FOR 2+ PEOPLE) **ALLERGY ALERT: IF YOU OR SOMEONE IN YOUR PARTY HAS A FOOD ALLERGY, PLEASE PLACE ORDER OVER THE PHONE. **CROSS-CONTAMINATION ALERT: ALTHOUGH WE TRY OUR BEST, UNFORTUNATELY CROSS-CONTACT WITH OTHER INGREDIENTS MAY OCCUR. REGRETTABLY, WE CANNOT GUARANTEE THE COMPLETE ABSENSE OF ALLERGENS.","$20.40","https://www.yelp.com/menu/tacoria-princeton/item/full-al-pastor","https://s3-media0.fl.yelpcdn.com/bphoto/y_po_RsARLdMAO3k1WXPFQ/60s.jpg","FULL - AL PASTOR","https://www.yelp.com/menu/tacoria-princeton/item/full-al-pastor","PORK MARINATED IN SPICES & INEAPPLE*FRESH HAND CUT CORN TORTILLA CHIPS TOPPED WITH YOUR CHOICE OF PROTEIN, SALSA, BLACK BEANS, CHEESE, CREMA & ESCABECHE PEPPERS (RECOMMENDED FOR 2+ PEOPLE) **ALLERGY ALERT: IF YOU OR SOMEONE IN YOUR PARTY HAS A FOOD ALLERGY, PLEASE PLACE ORDER OVER THE PHONE. **CROSS-CONTAMINATION ALERT: ALTHOUGH WE TRY OUR BEST, UNFORTUNATELY CROSS-CONTACT WITH OTHER INGREDIENTS MAY OCCUR. REGRETTABLY, WE CANNOT GUARANTEE THE COMPLETE ABSENSE OF ALLERGENS.","1 photo","[object Object]","$24.00","https://www.yelp.com/biz_user_photos/mC0Oir4IMjMSzJGORIW6pw/upload","https://s3-media0.fl.yelpcdn.com/assets/2/www/img/dca54f97fb84/default_avatars/menu_medium_square.png","FULL - POLLO ASADO","CITRUS KISSED GRILLED CHICKEN PAIRED WITH HABANERO SALSA                                                                                                                                                                                                                                                                *FRESH HAND CUT CORN TORTILLA CHIPS TOPPED WITH YOUR CHOICE OF PROTEIN, SALSA, BLACK BEANS, CHEESE, CREMA & ESCABECHE PEPPERS (RECOMMENDED FOR 2+ PEOPLE) **ALLERGY ALERT: IF YOU OR SOMEONE IN YOUR PARTY HAS A FOOD ALLERGY, PLEASE PLACE ORDER OVER THE PHONE. **CROSS-CONTAMINATION ALERT: ALTHOUGH WE TRY OUR BEST, UNFORTUNATELY CROSS-CONTACT WITH OTHER INGREDIENTS MAY OCCUR. REGRETTABLY, WE CANNOT GUARANTEE THE COMPLETE ABSENSE OF ALLERGENS.","$20.40","https://www.yelp.com/menu/tacoria-princeton/item/full-brussels-sprouts-veggie","https://s3-media0.fl.yelpcdn.com/bphoto/ymYeHLBJZxD_3MHT68TNiw/60s.jpg","FULL - BRUSSELS SPROUTS (VEGGIE)","CHARRED & TOSSED IN A CHIPOTLE AGAVE SAUCE PAIRED WITH CHIPOTLE AIOLI (VEGETARIAN)*FRESH HAND CUT CORN TORTILLA CHIPS TOPPED WITH YOUR CHOICE OF PROTEIN, SALSA, BLACK BEANS, CHEESE, CREMA & ESCABECHE PEPPERS (RECOMMENDED FOR 2+ PEOPLE)**ALLERGY ALERT: IF YOU OR SOMEONE IN YOUR PARTY HAS A FOOD ALLERGY, PLEASE PLACE ORDER OVER THE PHONE. **CROSS-CONTAMINATION ALERT: ALTHOUGH WE TRY OUR BEST, UNFORTUNATELY CROSS-CONTACT WITH OTHER INGREDIENTS MAY OCCUR. REGRETTABLY, WE CANNOT GUARANTEE THE COMPLETE ABSENSE OF ALLERGENS.","$20.40","https://www.yelp.com/biz_user_photos/mC0Oir4IMjMSzJGORIW6pw/upload","https://s3-media0.fl.yelpcdn.com/assets/2/www/img/dca54f97fb84/default_avatars/menu_medium_square.png","FULL - POLLO AL PASTOR","Chicken marinated in house blend of spices & pineapple paired with avocado verde salsa fresh hand cut corn tortilla chips topped with your choice of protein, salsa, black beans, cheese, crema & escabeche peppers (recommended for 2+ people)","$24.00","https://www.yelp.com/biz_user_photos/mC0Oir4IMjMSzJGORIW6pw/upload","https://s3-media0.fl.yelpcdn.com/assets/2/www/img/dca54f97fb84/default_avatars/menu_medium_square.png","FULL - CHORIZO","SPICY PORK PAIRED WITH SALSA VERDE*FRESH HAND CUT CORN TORTILLA CHIPS TOPPED WITH YOUR CHOICE OF PROTEIN, SALSA, BLACK BEANS, CHEESE, CREMA & ESCABECHE PEPPERS (RECOMMENDED FOR 2+ PEOPLE) **ALLERGY ALERT: IF YOU OR SOMEONE IN YOUR PARTY HAS A FOOD ALLERGY, PLEASE PLACE ORDER OVER THE PHONE. **CROSS-CONTAMINATION ALERT: ALTHOUGH WE TRY OUR BEST, UNFORTUNATELY CROSS-CONTACT WITH OTHER INGREDIENTS MAY OCCUR. REGRETTABLY, WE CANNOT GUARANTEE THE COMPLETE ABSENSE OF ALLERGENS.","$20.40","FULL - CARNE ASADA"
"DESSERT!","","","","","","","","","","","","","","","","","","","","","","","","","","","","","","","","","",""
"","","","","","","https://www.yelp.com/menu/tacoria-princeton/item/nutella-nachos","https://s3-media0.fl.yelpcdn.com/bphoto/cxvnUU9qcH5mnITwzAvVzQ/60s.jpg","NUTELLA NACHOS","https://www.yelp.com/menu/tacoria-princeton/item/nutella-nachos","CRISPY FLOUR TORTILLA TOSSED IN BROWN SUGAR, CINNAMON & DRIZZLED WITH NUTELLA**ALLERGY ALERT: IF YOU OR SOMEONE IN YOUR PARTY HAS A FOOD ALLERGY, PLEASE PLACE ORDER OVER THE PHONE. **CROSS-CONTAMINATION ALERT: ALTHOUGH WE TRY OUR BEST, UNFORTUNATELY CROSS-CONTACT WITH OTHER INGREDIENTS MAY OCCUR. REGRETTABLY, WE CANNOT GUARANTEE THE COMPLETE ABSENSE OF ALLERGENS.","6 photos","[object Object]","$6.60","","","","","","","","","","","","","","","","","","","","",""
"SMALL BITES!","","","","","","","","","","","","","","","","","","","","","","","","","","","","","","","","","",""
"","https://www.yelp.com/biz_user_photos/mC0Oir4IMjMSzJGORIW6pw/upload","https://s3-media0.fl.yelpcdn.com/assets/2/www/img/dca54f97fb84/default_avatars/menu_medium_square.png","GOLDEN AVOCADO (2PCS)","LIGHTLY BREADED, SLICED AVOCADO PAIRED WITH CHIPOTLE AIOLI**ALLERGY ALERT: IF YOU OR SOMEONE IN YOUR PARTY HAS A FOOD ALLERGY, PLEASE PLACE ORDER OVER THE PHONE. **CROSS-CONTAMINATION ALERT: ALTHOUGH WE TRY OUR BEST, UNFORTUNATELY CROSS-CONTACT WITH OTHER INGREDIENTS MAY OCCUR. REGRETTABLY, WE CANNOT GUARANTEE THE COMPLETE ABSENSE OF ALLERGENS.","$4.20","https://www.yelp.com/menu/tacoria-princeton/item/mexican-street-corn","https://s3-media0.fl.yelpcdn.com/bphoto/mPz16pwJbzXodPsS3q_f7A/60s.jpg","MEXICAN STREET CORN","https://www.yelp.com/menu/tacoria-princeton/item/mexican-street-corn","ROASTED SWEET CORN SMOTHERED WITH CHIPOTLE AIOLI AND TOPPED WITH CILANTRO & COTIJA CHEESE**ALLERGY ALERT: IF YOU OR SOMEONE IN YOUR PARTY HAS A FOOD ALLERGY, PLEASE PLACE ORDER OVER THE PHONE. **CROSS-CONTAMINATION ALERT: ALTHOUGH WE TRY OUR BEST, UNFORTUNATELY CROSS-CONTACT WITH OTHER INGREDIENTS MAY OCCUR. REGRETTABLY, WE CANNOT GUARANTEE THE COMPLETE ABSENSE OF ALLERGENS.","15 photos","[object Object]","$6.00","https://www.yelp.com/biz_user_photos/mC0Oir4IMjMSzJGORIW6pw/upload","https://s3-media0.fl.yelpcdn.com/assets/2/www/img/dca54f97fb84/default_avatars/menu_medium_square.png","","FRESH HOUSE-MADE CHIPS PAIRED WITH OUR REFRESHING HOUSE-MADE PICO DE GALLO.**ALLERGY ALERT: IF YOU OR SOMEONE IN YOUR PARTY HAS A FOOD ALLERGY, PLEASE PLACE ORDER OVER THE PHONE. **CROSS-CONTAMINATION ALERT: ALTHOUGH WE TRY OUR BEST, UNFORTUNATELY CROSS-CONTACT WITH OTHER INGREDIENTS MAY OCCUR. REGRETTABLY, WE CANNOT GUARANTEE THE COMPLETE ABSENSE OF ALLERGENS.","$5.50","https://www.yelp.com/menu/tacoria-princeton/item/chips-and-guac","https://s3-media0.fl.yelpcdn.com/bphoto/SM5EZxdGNku50F1iDPzkcw/60s.jpg","CHIPS & GUAC","FRESH HOUSE-MADE CHIPS PAIRED WITH OUR AWESOME GUAC.**ALLERGY ALERT: IF YOU OR SOMEONE IN YOUR PARTY HAS A FOOD ALLERGY, PLEASE PLACE ORDER OVER THE PHONE. **CROSS-CONTAMINATION ALERT: ALTHOUGH WE TRY OUR BEST, UNFORTUNATELY CROSS-CONTACT WITH OTHER INGREDIENTS MAY OCCUR. REGRETTABLY, WE CANNOT GUARANTEE THE COMPLETE ABSENSE OF ALLERGENS.","$6.60","https://www.yelp.com/biz_user_photos/mC0Oir4IMjMSzJGORIW6pw/upload","https://s3-media0.fl.yelpcdn.com/assets/2/www/img/dca54f97fb84/default_avatars/menu_medium_square.png","GUACAMOLE - SIDE","AVOCADO, JALAPENO, RED ONION, CILANTRO, FRESH LIME JUICE**ALLERGY ALERT: IF YOU OR SOMEONE IN YOUR PARTY HAS A FOOD ALLERGY, PLEASE PLACE ORDER OVER THE PHONE. **CROSS-CONTAMINATION ALERT: ALTHOUGH WE TRY OUR BEST, UNFORTUNATELY CROSS-CONTACT WITH OTHER INGREDIENTS MAY OCCUR. REGRETTABLY, WE CANNOT GUARANTEE THE COMPLETE ABSENSE OF ALLERGENS.","$4.30","","","","","","CHIPS & PICO DE GALLO"
"SIDES!","","","","","","","","","","","","","","","","","","","","","","","","","","","","","","","","","",""
"","https://www.yelp.com/biz_user_photos/mC0Oir4IMjMSzJGORIW6pw/upload","https://s3-media0.fl.yelpcdn.com/assets/2/www/img/dca54f97fb84/default_avatars/menu_medium_square.png","RICE - SIDE","WHITE RICE SEASONED WITH TACORIA'S HOUSE BLEND OF SPICES**ALLERGY ALERT: IF YOU OR SOMEONE IN YOUR PARTY HAS A FOOD ALLERGY, PLEASE PLACE ORDER OVER THE PHONE. **CROSS-CONTAMINATION ALERT: ALTHOUGH WE TRY OUR BEST, UNFORTUNATELY CROSS-CONTACT WITH OTHER INGREDIENTS MAY OCCUR. REGRETTABLY, WE CANNOT GUARANTEE THE COMPLETE ABSENSE OF ALLERGENS.","$3.00","","","","","","","","","https://www.yelp.com/biz_user_photos/mC0Oir4IMjMSzJGORIW6pw/upload","https://s3-media0.fl.yelpcdn.com/assets/2/www/img/dca54f97fb84/default_avatars/menu_medium_square.png","BROWN RICE - SIDE","BROWN RICE SEASONED WITH TACORIA'S HOUSE BLEND OF SPICES **ALLERGY ALERT: IF YOU OR SOMEONE IN YOUR PARTY HAS A FOOD ALLERGY, PLEASE PLACE ORDER OVER THE PHONE. **CROSS-CONTAMINATION ALERT: ALTHOUGH WE TRY OUR BEST, UNFORTUNATELY CROSS-CONTACT WITH OTHER INGREDIENTS MAY OCCUR. REGRETTABLY, WE CANNOT GUARANTEE THE COMPLETE ABSENSE OF ALLERGENS.","$3.00","","","","","","https://www.yelp.com/biz_user_photos/mC0Oir4IMjMSzJGORIW6pw/upload","https://s3-media0.fl.yelpcdn.com/assets/2/www/img/dca54f97fb84/default_avatars/menu_medium_square.png","BEANS - SIDE","SEASONED BLACK BEANS (VEGETARIAN)**ALLERGY ALERT: IF YOU OR SOMEONE IN YOUR PARTY HAS A FOOD ALLERGY, PLEASE PLACE ORDER OVER THE PHONE. **CROSS-CONTAMINATION ALERT: ALTHOUGH WE TRY OUR BEST, UNFORTUNATELY CROSS-CONTACT WITH OTHER INGREDIENTS MAY OCCUR. REGRETTABLY, WE CANNOT GUARANTEE THE COMPLETE ABSENSE OF ALLERGENS.","$3.00","https://www.yelp.com/biz_user_photos/mC0Oir4IMjMSzJGORIW6pw/upload","https://s3-media0.fl.yelpcdn.com/assets/2/www/img/dca54f97fb84/default_avatars/menu_medium_square.png","PINEAPPLE LIME DRESSING","HOUSE MADE PINEAPPLE LIME DRESSING FROM SCRATCH","$1.80","SLICED AVOCADO - SIDE"
"SAUCES + SALSAS!","","","","","","","","","","","","","","","","","","","","","","","","","","","","","","","","","",""
"HAND CRAFTED TACOS (VEGAN)!","","","","","","","","","","","","","","","","","","","","","","","","","","","","","","","","","",""
"","https://www.yelp.com/biz_user_photos/mC0Oir4IMjMSzJGORIW6pw/upload","https://s3-media0.fl.yelpcdn.com/assets/2/www/img/dca54f97fb84/default_avatars/menu_medium_square.png","TACO - GOLDEN AVOCADO (VEGAN)","SLIGHTLY BREADED SLICED AVOCADO PAIRED WITH VEGAN CHIPOTLE AIOLI*ALL TACOS SERVED WITH ONIONS, CILANTRO, SALSA, AND CHOICE OF PROTEIN ON A CORN TOTILLAS. GARNISHED WITH SLICES OF RADISH & LIME WEDGES.**ALLERGY ALERT: IF YOU OR SOMEONE IN YOUR PARTY HAS A FOOD ALLERGY, PLEASE PLACE ORDER OVER THE PHONE. **CROSS-CONTAMINATION ALERT: ALTHOUGH WE TRY OUR BEST, UNFORTUNATELY CROSS-CONTACT WITH OTHER INGREDIENTS MAY OCCUR. REGRETTABLY, WE CANNOT GUARANTEE THE COMPLETE ABSENSE OF ALLERGENS.","$5.50","https://www.yelp.com/menu/tacoria-princeton/item/taco-brussels-sprouts-vegan","https://s3-media0.fl.yelpcdn.com/bphoto/AHPMfhQtE4fHOjtSB5NGgQ/60s.jpg","TACO - BRUSSELS SPROUTS (VEGAN)","https://www.yelp.com/menu/tacoria-princeton/item/taco-brussels-sprouts-vegan","CHARRED & TOSSED IN A CHIPOTLE AGAVE SAUCE & PAIRED WITH VEGAN CHIPOTLE AIOLI*ALL TACOS SERVED WITH ONIONS, CILANTRO, SALSA, AND CHOICE OF PROTEIN ON A CORN TOTILLAS. GARNISHED WITH SLICES OF RADISH & LIME WEDGES.**ALLERGY ALERT: IF YOU OR SOMEONE IN YOUR PARTY HAS A FOOD ALLERGY, PLEASE PLACE ORDER OVER THE PHONE. **CROSS-CONTAMINATION ALERT: ALTHOUGH WE TRY OUR BEST, UNFORTUNATELY CROSS-CONTACT WITH OTHER INGREDIENTS MAY OCCUR. REGRETTABLY, WE CANNOT GUARANTEE THE COMPLETE ABSENSE OF ALLERGENS.","1 photo","[object Object]","$5.50","https://www.yelp.com/biz_user_photos/mC0Oir4IMjMSzJGORIW6pw/upload","https://s3-media0.fl.yelpcdn.com/assets/2/www/img/dca54f97fb84/default_avatars/menu_medium_square.png","TACO - RAJAS (VEGAN)","ROASTED CORN & POBLANO PEPPERS SERVED WITH SMOKY ROJA SALSA.*ALL TACOS SERVED WITH ONIONS, CILANTRO, SALSA, AND CHOICE OF PROTEIN ON A CORN TOTILLAS. GARNISHED WITH SLICES OF RADISH & LIME WEDGES.**ALLERGY ALERT: IF YOU OR SOMEONE IN YOUR PARTY HAS A FOOD ALLERGY, PLEASE PLACE ORDER OVER THE PHONE. **CROSS-CONTAMINATION ALERT: ALTHOUGH WE TRY OUR BEST, UNFORTUNATELY CROSS-CONTACT WITH OTHER INGREDIENTS MAY OCCUR. REGRETTABLY, WE CANNOT GUARANTEE THE COMPLETE ABSENSE OF ALLERGENS.","$5.50","","","","","","https://www.yelp.com/biz_user_photos/mC0Oir4IMjMSzJGORIW6pw/upload","https://s3-media0.fl.yelpcdn.com/assets/2/www/img/dca54f97fb84/default_avatars/menu_medium_square.png","TACO - BEYOND TACORIZO (VEGAN)","MADE WITH VEGAN BEYOND 'MEAT', SEASONING, SPICES.  *ALL TACOS SERVED WITH ONIONS, CILANTRO, SALSA, AND CHOICE OF PROTEIN ON A CORN TOTILLAS. GARNISHED WITH SLICES OF RADISH & LIME WEDGES.**ALLERGY ALERT: IF YOU OR SOMEONE IN YOUR PARTY HAS A FOOD ALLERGY, PLEASE PLACE ORDER OVER THE PHONE. **CROSS-CONTAMINATION ALERT: ALTHOUGH WE TRY OUR BEST, UNFORTUNATELY CROSS-CONTACT WITH OTHER INGREDIENTS MAY OCCUR. REGRETTABLY, WE CANNOT GUARANTEE THE COMPLETE ABSENSE OF ALLERGENS.","$6.70","","","","","",""
"MISSION STYLE BURRITOS (VEGAN)!","","","","","","","","","","","","","","","","","","","","","","","","","","","","","","","","","",""
"","https://www.yelp.com/biz_user_photos/mC0Oir4IMjMSzJGORIW6pw/upload","https://s3-media0.fl.yelpcdn.com/assets/2/www/img/dca54f97fb84/default_avatars/menu_medium_square.png","BURRITO - GOLDEN AVOCADO (VEGAN)","LIGHTLY BREADED SLICED AVOCADO PAIRED WITH VEGAN CHIPOTLE AIOLI*ALL BURRITOS SERVED WITH BLACK BEANS, SEASONED RICE, SALSA, & CHOICE OF PROTEIN IN A GRILLED FLOUR TORTILLA.**ALLERGY ALERT: IF YOU OR SOMEONE IN YOUR PARTY HAS A FOOD ALLERGY, PLEASE PLACE ORDER OVER THE PHONE. **CROSS-CONTAMINATION ALERT: ALTHOUGH WE TRY OUR BEST, UNFORTUNATELY CROSS-CONTACT WITH OTHER INGREDIENTS MAY OCCUR. REGRETTABLY, WE CANNOT GUARANTEE THE COMPLETE ABSENSE OF ALLERGENS.","$13.15","https://www.yelp.com/menu/tacoria-princeton/item/burrito-beyond-tacorizo-vegan","https://s3-media0.fl.yelpcdn.com/bphoto/OGoO6jbBc0uDcbfCjJ5KgQ/60s.jpg","BURRITO - BEYOND TACORIZO (VEGAN)","https://www.yelp.com/menu/tacoria-princeton/item/burrito-beyond-tacorizo-vegan","MADE FROM VEGAN BEYOND 'MEAT', SEASONED, SPICED & PAIRED WITH VERDE SALSA *ALL BURRITOS SERVED WITH BLACK BEANS, SEASONED RICE, SALSA, & CHOICE OF PROTEIN IN A GRILLED FLOUR TORTILLA.**ALLERGY ALERT: IF YOU OR SOMEONE IN YOUR PARTY HAS A FOOD ALLERGY, PLEASE PLACE ORDER OVER THE PHONE. **CROSS-CONTAMINATION ALERT: ALTHOUGH WE TRY OUR BEST, UNFORTUNATELY CROSS-CONTACT WITH OTHER INGREDIENTS MAY OCCUR. REGRETTABLY, WE CANNOT GUARANTEE THE COMPLETE ABSENSE OF ALLERGENS.","1 photo","[object Object]","$14.95","https://www.yelp.com/biz_user_photos/mC0Oir4IMjMSzJGORIW6pw/upload","https://s3-media0.fl.yelpcdn.com/assets/2/www/img/dca54f97fb84/default_avatars/menu_medium_square.png","BURRITO - RAJAS (VEGAN)","ROASTER CORN & POBLANO PEPPERS SERVED WITH SMOKY ROJA SALSA*ALL BURRITOS SERVED WITH BLACK BEANS, SEASONED RICE, SALSA, & CHOICE OF PROTEIN IN A GRILLED FLOUR TORTILLA.**ALLERGY ALERT: IF YOU OR SOMEONE IN YOUR PARTY HAS A FOOD ALLERGY, PLEASE PLACE ORDER OVER THE PHONE. **CROSS-CONTAMINATION ALERT: ALTHOUGH WE TRY OUR BEST, UNFORTUNATELY CROSS-CONTACT WITH OTHER INGREDIENTS MAY OCCUR. REGRETTABLY, WE CANNOT GUARANTEE THE COMPLETE ABSENSE OF ALLERGENS.","$13.15","","","","","","https://www.yelp.com/biz_user_photos/mC0Oir4IMjMSzJGORIW6pw/upload","https://s3-media0.fl.yelpcdn.com/assets/2/www/img/dca54f97fb84/default_avatars/menu_medium_square.png","BURRITO - BRUSSELS SPROUTS (VEGAN)","CHARRED & TOSSED IN A CHIPOTLE AGAVE SAUCE & PAIRED WITH VEGAN CHIPOTLE AIOLI*ALL BURRITOS SERVED WITH BLACK BEANS, SEASONED RICE, SALSA, & CHOICE OF PROTEIN IN A GRILLED FLOUR TORTILLA.**ALLERGY ALERT: IF YOU OR SOMEONE IN YOUR PARTY HAS A FOOD ALLERGY, PLEASE PLACE ORDER OVER THE PHONE. **CROSS-CONTAMINATION ALERT: ALTHOUGH WE TRY OUR BEST, UNFORTUNATELY CROSS-CONTACT WITH OTHER INGREDIENTS MAY OCCUR. REGRETTABLY, WE CANNOT GUARANTEE THE COMPLETE ABSENSE OF ALLERGENS.","$13.15","","","","","",""
"BOX (VEGAN)!","","","","","","","","","","","","","","","","","","","","","","","","","","","","","","","","","",""
"","https://www.yelp.com/biz_user_photos/mC0Oir4IMjMSzJGORIW6pw/upload","https://s3-media0.fl.yelpcdn.com/assets/2/www/img/dca54f97fb84/default_avatars/menu_medium_square.png","BOX - GOLDEN AVOCADO (VEGAN)","LIGHTLY BREADED SLICED AVOCADO PAIRED WITH VEGAN CHIPOTLE AIOLI *ALL BURRITO BOXES SERVED WITH CHOICE OF PROTEIN SERVED OVER RICE, BLACK BEANS, SALSA & PICO DE GALLO **ALLERGY ALERT: IF YOU OR SOMEONE IN YOUR PARTY HAS A FOOD ALLERGY, PLEASE PLACE ORDER OVER THE PHONE. **CROSS-CONTAMINATION ALERT: ALTHOUGH WE TRY OUR BEST, UNFORTUNATELY CROSS-CONTACT WITH OTHER INGREDIENTS MAY OCCUR. REGRETTABLY, WE CANNOT GUARANTEE THE COMPLETE ABSENSE OF ALLERGENS.","$13.15","https://www.yelp.com/menu/tacoria-princeton/item/box-brussels-sprouts-vegan","https://s3-media0.fl.yelpcdn.com/bphoto/tfTkslXuP2iJvEm4Um2ntw/60s.jpg","BOX - BRUSSELS SPROUTS (VEGAN)","https://www.yelp.com/menu/tacoria-princeton/item/box-brussels-sprouts-vegan","CHARRED & TOSSED IN A CHIPOTLE AGAVE SAUSE & PAIRED WITH VEGAN CHIPOTLE AIOLI*ALL BURRITO BOXES SERVED WITH CHOICE OF PROTEIN SERVED OVER RICE, BLACK BEANS, SALSA & PICO DE GALLO **ALLERGY ALERT: IF YOU OR SOMEONE IN YOUR PARTY HAS A FOOD ALLERGY, PLEASE PLACE ORDER OVER THE PHONE. **CROSS-CONTAMINATION ALERT: ALTHOUGH WE TRY OUR BEST, UNFORTUNATELY CROSS-CONTACT WITH OTHER INGREDIENTS MAY OCCUR. REGRETTABLY, WE CANNOT GUARANTEE THE COMPLETE ABSENSE OF ALLERGENS.","1 photo","[object Object]","$13.15","https://www.yelp.com/biz_user_photos/mC0Oir4IMjMSzJGORIW6pw/upload","https://s3-media0.fl.yelpcdn.com/assets/2/www/img/dca54f97fb84/default_avatars/menu_medium_square.png","BOX - RAJAS (VEGAN)","ROASTED CORN & POBLANO PEPPERS SERVED WITH SMOKY ROJA SALSA*ALL BURRITO BOXES SERVED WITH CHOICE OF PROTEIN SERVED OVER RICE, BLACK BEANS, SALSA & PICO DE GALLO **ALLERGY ALERT: IF YOU OR SOMEONE IN YOUR PARTY HAS A FOOD ALLERGY, PLEASE PLACE ORDER OVER THE PHONE. **CROSS-CONTAMINATION ALERT: ALTHOUGH WE TRY OUR BEST, UNFORTUNATELY CROSS-CONTACT WITH OTHER INGREDIENTS MAY OCCUR. REGRETTABLY, WE CANNOT GUARANTEE THE COMPLETE ABSENSE OF ALLERGENS.","$13.15","https://www.yelp.com/menu/tacoria-princeton/item/box-beyond-tacorizo-vegan","https://s3-media0.fl.yelpcdn.com/bphoto/dMiTk_q4G-7C7Mrtm4ABpQ/60s.jpg","BOX - BEYOND TACORIZO (VEGAN)","MADE WITH VEGAN BEYOND 'MEAT', SEASONING, SPICES.*ALL BURRITO BOXES SERVED WITH CHOICE OF PROTEIN SERVED OVER RICE, BLACK BEANS, SALSA & PICO DE GALLO **ALLERGY ALERT: IF YOU OR SOMEONE IN YOUR PARTY HAS A FOOD ALLERGY, PLEASE PLACE ORDER OVER THE PHONE. **CROSS-CONTAMINATION ALERT: ALTHOUGH WE TRY OUR BEST, UNFORTUNATELY CROSS-CONTACT WITH OTHER INGREDIENTS MAY OCCUR. REGRETTABLY, WE CANNOT GUARANTEE THE COMPLETE ABSENSE OF ALLERGENS.","$14.95","","","","","","","","","","",""
"EN-SALAD-A (VEGAN)!","","","","","","","","","","","","","","","","","","","","","","","","","","","","","","","","","",""
"","https://www.yelp.com/biz_user_photos/mC0Oir4IMjMSzJGORIW6pw/upload","https://s3-media0.fl.yelpcdn.com/assets/2/www/img/dca54f97fb84/default_avatars/menu_medium_square.png","SALAD - GOLDEN AVOCADO (VEGAN)","LIGHTLY BREADED SLICED AVOCADO PAIRED WITH VEGAN CHIPOTLE AIOLI*ALL SALAD SERVED WITH CHOICE OF PROTEIN, SLICED AVOCADO, BLACK BEANS, PICO DE GALLO SERVED ON A BED OF ROMAINE LETTUCE. SERVED WITH TACORIA'S HOUSE-MADE PINEAPPLE LIME DRESSING.**ALLERGY ALERT: IF YOU OR SOMEONE IN YOUR PARTY HAS A FOOD ALLERGY, PLEASE PLACE ORDER OVER THE PHONE. **CROSS-CONTAMINATION ALERT: ALTHOUGH WE TRY OUR BEST, UNFORTUNATELY CROSS-CONTACT WITH OTHER INGREDIENTS MAY OCCUR. REGRETTABLY, WE CANNOT GUARANTEE THE COMPLETE ABSENSE OF ALLERGENS.","$13.15","https://www.yelp.com/menu/tacoria-princeton/item/salad-brussels-sprouts-vegan","https://s3-media0.fl.yelpcdn.com/bphoto/ybPRC_8WFEAaNBAsHhEZ1w/60s.jpg","SALAD - BRUSSELS SPROUTS (VEGAN)","https://www.yelp.com/menu/tacoria-princeton/item/salad-brussels-sprouts-vegan","CHARRED & TOSSED IN A CHIPOTLE AGAVE SAUCE PAIRED WITH VEGAN CHIPOTLE AIOLI*ALL SALAD SERVED WITH CHOICE OF PROTEIN, SLICED AVOCADO, BLACK BEANS, PICO DE GALLO SERVED ON A BED OF ROMAINE LETTUCE. SERVED WITH TACORIA'S HOUSE-MADE PINEAPPLE LIME DRESSING.**ALLERGY ALERT: IF YOU OR SOMEONE IN YOUR PARTY HAS A FOOD ALLERGY, PLEASE PLACE ORDER OVER THE PHONE. **CROSS-CONTAMINATION ALERT: ALTHOUGH WE TRY OUR BEST, UNFORTUNATELY CROSS-CONTACT WITH OTHER INGREDIENTS MAY OCCUR. REGRETTABLY, WE CANNOT GUARANTEE THE COMPLETE ABSENSE OF ALLERGENS.","2 photos","[object Object]","$13.15","https://www.yelp.com/biz_user_photos/mC0Oir4IMjMSzJGORIW6pw/upload","https://s3-media0.fl.yelpcdn.com/assets/2/www/img/dca54f97fb84/default_avatars/menu_medium_square.png","SALAD - RAJAS (VEGAN)","ROASTED CORN & POBLANO PEPPERS SERVED WITH SMOKY ROJA SALSA *ALL SALAD SERVED WITH CHOICE OF PROTEIN, SLICED AVOCADO, BLACK BEANS, PICO DE GALLO SERVED ON A BED OF ROMAINE LETTUCE. SERVED WITH TACORIA'S HOUSE-MADE PINEAPPLE LIME DRESSING.**ALLERGY ALERT: IF YOU OR SOMEONE IN YOUR PARTY HAS A FOOD ALLERGY, PLEASE PLACE ORDER OVER THE PHONE. **CROSS-CONTAMINATION ALERT: ALTHOUGH WE TRY OUR BEST, UNFORTUNATELY CROSS-CONTACT WITH OTHER INGREDIENTS MAY OCCUR. REGRETTABLY, WE CANNOT GUARANTEE THE COMPLETE ABSENSE OF ALLERGENS.","$13.15","","","","","","https://www.yelp.com/biz_user_photos/mC0Oir4IMjMSzJGORIW6pw/upload","https://s3-media0.fl.yelpcdn.com/assets/2/www/img/dca54f97fb84/default_avatars/menu_medium_square.png","SALAD - BEYOND TACORIA (VEGAN)","MADE WITH VEGAN BEYOND 'MEAT', SEASONING, SPICES PAIRED WITH VERDE SALSA*ALL SALAD SERVED WITH CHOICE OF PROTEIN, SLICED AVOCADO, BLACK BEANS, PICO DE GALLO SERVED ON A BED OF ROMAINE LETTUCE. SERVED WITH TACORIA'S HOUSE-MADE PINEAPPLE LIME DRESSING.**ALLERGY ALERT: IF YOU OR SOMEONE IN YOUR PARTY HAS A FOOD ALLERGY, PLEASE PLACE ORDER OVER THE PHONE. **CROSS-CONTAMINATION ALERT: ALTHOUGH WE TRY OUR BEST, UNFORTUNATELY CROSS-CONTACT WITH OTHER INGREDIENTS MAY OCCUR. REGRETTABLY, WE CANNOT GUARANTEE THE COMPLETE ABSENSE OF ALLERGENS.","$14.95","","","","","",""
"VIVA LA NACHOS - PIE (VEGAN)!","","","","","","","","","","","","","","","","","","","","","","","","","","","","","","","","","",""
"","https://www.yelp.com/biz_user_photos/mC0Oir4IMjMSzJGORIW6pw/upload","https://s3-media0.fl.yelpcdn.com/assets/2/www/img/dca54f97fb84/default_avatars/menu_medium_square.png","PIE - GOLDEN AVOCADO (VEGAN)","LIGHTLY BREADED SLICED AVOCADO PAIRED WITH VEGAN CHIPOTLE AIOLI *FRESH HAND CUT CORN TORTILLA CHIPS TOPPED WITH YOUR CHOICE OF PROTEIN, SALSA, BLACK BEANS, & ESCABECHE PEPPERS (SMALL SIZE)**ALLERGY ALERT: IF YOU OR SOMEONE IN YOUR PARTY HAS A FOOD ALLERGY, PLEASE PLACE ORDER OVER THE PHONE. **CROSS-CONTAMINATION ALERT: ALTHOUGH WE TRY OUR BEST, UNFORTUNATELY CROSS-CONTACT WITH OTHER INGREDIENTS MAY OCCUR. REGRETTABLY, WE CANNOT GUARANTEE THE COMPLETE ABSENSE OF ALLERGENS.","$12.00","","","","","","","","","https://www.yelp.com/biz_user_photos/mC0Oir4IMjMSzJGORIW6pw/upload","https://s3-media0.fl.yelpcdn.com/assets/2/www/img/dca54f97fb84/default_avatars/menu_medium_square.png","PIE - RAJAS (VEGAN)","ROASTER CORN & POBLANO PEPPERS SERVED WITH SMOKY ROJA SALSA *FRESH HAND CUT CORN TORTILLA CHIPS TOPPED WITH YOUR CHOICE OF PROTEIN, SALSA, BLACK BEANS, & ESCABECHE PEPPERS (SMALL SIZE)**ALLERGY ALERT: IF YOU OR SOMEONE IN YOUR PARTY HAS A FOOD ALLERGY, PLEASE PLACE ORDER OVER THE PHONE. **CROSS-CONTAMINATION ALERT: ALTHOUGH WE TRY OUR BEST, UNFORTUNATELY CROSS-CONTACT WITH OTHER INGREDIENTS MAY OCCUR. REGRETTABLY, WE CANNOT GUARANTEE THE COMPLETE ABSENSE OF ALLERGENS.","$12.00","","","","","","https://www.yelp.com/biz_user_photos/mC0Oir4IMjMSzJGORIW6pw/upload","https://s3-media0.fl.yelpcdn.com/assets/2/www/img/dca54f97fb84/default_avatars/menu_medium_square.png","PIE - BRUSSELS SPROUTS (VEGAN)","CHARRED & TOSSED IN A CHIPOTLE AGAVE SAUCE & PAIRED WITH VEGAN CHIPOTLE AIOLI*FRESH HAND CUT CORN TORTILLA CHIPS TOPPED WITH YOUR CHOICE OF PROTEIN, SALSA, BLACK BEANS, & ESCABECHE PEPPERS (SMALL SIZE)**ALLERGY ALERT: IF YOU OR SOMEONE IN YOUR PARTY HAS A FOOD ALLERGY, PLEASE PLACE ORDER OVER THE PHONE. **CROSS-CONTAMINATION ALERT: ALTHOUGH WE TRY OUR BEST, UNFORTUNATELY CROSS-CONTACT WITH OTHER INGREDIENTS MAY OCCUR. REGRETTABLY, WE CANNOT GUARANTEE THE COMPLETE ABSENSE OF ALLERGENS.","$12.00","https://www.yelp.com/biz_user_photos/mC0Oir4IMjMSzJGORIW6pw/upload","https://s3-media0.fl.yelpcdn.com/assets/2/www/img/dca54f97fb84/default_avatars/menu_medium_square.png","PIE - BEYOND TACORIZO (VEGAN)","MADE WITH VEGAN BEYOND 'MEAT', SEASONING, SPICES PAIRED WITH VERDE SALSA *FRESH HAND CUT CORN TORTILLA CHIPS TOPPED WITH YOUR CHOICE OF PROTEIN, SALSA, BLACK BEANS, & ESCABECHE PEPPERS (SMALL SIZE)**ALLERGY ALERT: IF YOU OR SOMEONE IN YOUR PARTY HAS A FOOD ALLERGY, PLEASE PLACE ORDER OVER THE PHONE. **CROSS-CONTAMINATION ALERT: ALTHOUGH WE TRY OUR BEST, UNFORTUNATELY CROSS-CONTACT WITH OTHER INGREDIENTS MAY OCCUR. REGRETTABLY, WE CANNOT GUARANTEE THE COMPLETE ABSENSE OF ALLERGENS.","$13.80",""
"VIVA LA NOACHOS - FULL (VEGAN)!","","","","","","","","","","","","","","","","","","","","","","","","","","","","","","","","","",""
"","https://www.yelp.com/biz_user_photos/mC0Oir4IMjMSzJGORIW6pw/upload","https://s3-media0.fl.yelpcdn.com/assets/2/www/img/dca54f97fb84/default_avatars/menu_medium_square.png","FULL - GOLDEN AVOCADO (VEGAN)","LIGHTLY BREADED SLICED AVOCADO PAIRED WITH VEGAN CHIPOTLE AIOLI*FRESH HAND CUT CORN TORTILLA CHIPS TOPPED WITH YOUR CHOICE OF PROTEIN, SALSA, BLACK BEANS, & ESCABECHE PEPPERS (RECOMMENDED FOR 2+ PEOPLE)**ALLERGY ALERT: IF YOU OR SOMEONE IN YOUR PARTY HAS A FOOD ALLERGY, PLEASE PLACE ORDER OVER THE PHONE. **CROSS-CONTAMINATION ALERT: ALTHOUGH WE TRY OUR BEST, UNFORTUNATELY CROSS-CONTACT WITH OTHER INGREDIENTS MAY OCCUR. REGRETTABLY, WE CANNOT GUARANTEE THE COMPLETE ABSENSE OF ALLERGENS.","$20.40","","","","","","","","","https://www.yelp.com/biz_user_photos/mC0Oir4IMjMSzJGORIW6pw/upload","https://s3-media0.fl.yelpcdn.com/assets/2/www/img/dca54f97fb84/default_avatars/menu_medium_square.png","FULL - RAJAS (VEGAN)","ROASTED CORN & POBLANO PEPPERS SERVED WITH SMOKY ROJA SALSA*FRESH HAND CUT CORN TORTILLA CHIPS TOPPED WITH YOUR CHOICE OF PROTEIN, SALSA, BLACK BEANS, & ESCABECHE PEPPERS (RECOMMENDED FOR 2+ PEOPLE)**ALLERGY ALERT: IF YOU OR SOMEONE IN YOUR PARTY HAS A FOOD ALLERGY, PLEASE PLACE ORDER OVER THE PHONE. **CROSS-CONTAMINATION ALERT: ALTHOUGH WE TRY OUR BEST, UNFORTUNATELY CROSS-CONTACT WITH OTHER INGREDIENTS MAY OCCUR. REGRETTABLY, WE CANNOT GUARANTEE THE COMPLETE ABSENSE OF ALLERGENS.","$20.40","","","","","","https://www.yelp.com/biz_user_photos/mC0Oir4IMjMSzJGORIW6pw/upload","https://s3-media0.fl.yelpcdn.com/assets/2/www/img/dca54f97fb84/default_avatars/menu_medium_square.png","FULL - BRUSSELS SPROUTS (VEGAN)","HARRED & TOSSED IN A CHIPOTLE AGAVE SAUCE & PAIRED WITH VEGAN CHIPOTLE AIOLI *FRESH HAND CUT CORN TORTILLA CHIPS TOPPED WITH YOUR CHOICE OF PROTEIN, SALSA, BLACK BEANS, & ESCABECHE PEPPERS (RECOMMENDED FOR 2+ PEOPLE)**ALLERGY ALERT: IF YOU OR SOMEONE IN YOUR PARTY HAS A FOOD ALLERGY, PLEASE PLACE ORDER OVER THE PHONE. **CROSS-CONTAMINATION ALERT: ALTHOUGH WE TRY OUR BEST, UNFORTUNATELY CROSS-CONTACT WITH OTHER INGREDIENTS MAY OCCUR. REGRETTABLY, WE CANNOT GUARANTEE THE COMPLETE ABSENSE OF ALLERGENS.","$20.40","https://www.yelp.com/biz_user_photos/mC0Oir4IMjMSzJGORIW6pw/upload","https://s3-media0.fl.yelpcdn.com/assets/2/www/img/dca54f97fb84/default_avatars/menu_medium_square.png","FULL - BEYOND TACORIZO (VEGAN)","MADE WITH VEGAN BEYOND 'MEAT', SEASONING, SPICES PAIRED WITH VERDE SALSA*FRESH HAND CUT CORN TORTILLA CHIPS TOPPED WITH YOUR CHOICE OF PROTEIN, SALSA, BLACK BEANS, & ESCABECHE PEPPERS (RECOMMENDED FOR 2+ PEOPLE)**ALLERGY ALERT: IF YOU OR SOMEONE IN YOUR PARTY HAS A FOOD ALLERGY, PLEASE PLACE ORDER OVER THE PHONE. **CROSS-CONTAMINATION ALERT: ALTHOUGH WE TRY OUR BEST, UNFORTUNATELY CROSS-CONTACT WITH OTHER INGREDIENTS MAY OCCUR. REGRETTABLY, WE CANNOT GUARANTEE THE COMPLETE ABSENSE OF ALLERGENS.","$24.00",""
"SMALL BITES (VEGAN)!","","","","","","","","","","","","","","","","","","","","","","","","","","","","","","","","","",""
"","","","","","","https://www.yelp.com/menu/tacoria-princeton/item/mexican-street-corn-vegan","https://s3-media0.fl.yelpcdn.com/bphoto/Gf5zZHAS7mNTZnWoxQaAHQ/60s.jpg","MEXICAN STREET CORN  (VEGAN)","https://www.yelp.com/menu/tacoria-princeton/item/mexican-street-corn-vegan","ROASTED  SWEET CORN SMOTHERED WITH VEGAN CHIPOTLE AIOLI NAD TOP WITH CILANTRO**ALLERGY ALERT: IF YOU OR SOMEONE IN YOUR PARTY HAS A FOOD ALLERGY, PLEASE PLACE ORDER OVER THE PHONE. **CROSS-CONTAMINATION ALERT: ALTHOUGH WE TRY OUR BEST, UNFORTUNATELY CROSS-CONTACT WITH OTHER INGREDIENTS MAY OCCUR. REGRETTABLY, WE CANNOT GUARANTEE THE COMPLETE ABSENSE OF ALLERGENS.","1 photo","[object Object]","$6.00","","","","","","https://www.yelp.com/menu/tacoria-princeton/item/golden-avocado-vegan","https://s3-media0.fl.yelpcdn.com/bphoto/uxA0D5RmR8rJX9uSoqhpoA/60s.jpg","GOLDEN AVOCADO (VEGAN)","LIGHTLY BREADED SLICED AVOCADO PAIRED WITH VEGAN CHIPOTLE AIOLI**ALLERGY ALERT: IF YOU OR SOMEONE IN YOUR PARTY HAS A FOOD ALLERGY, PLEASE PLACE ORDER OVER THE PHONE. **CROSS-CONTAMINATION ALERT: ALTHOUGH WE TRY OUR BEST, UNFORTUNATELY CROSS-CONTACT WITH OTHER INGREDIENTS MAY OCCUR. REGRETTABLY, WE CANNOT GUARANTEE THE COMPLETE ABSENSE OF ALLERGENS.","$4.20","","","","","","","","","","",""
"HAND CRAFTED TACOS (KIDS)!","","","","","","","","","","","","","","","","","","","","","","","","","","","","","","","","","",""
"","https://www.yelp.com/biz_user_photos/mC0Oir4IMjMSzJGORIW6pw/upload","https://s3-media0.fl.yelpcdn.com/assets/2/www/img/dca54f97fb84/default_avatars/menu_medium_square.png","SINGLE TACO - STEAK (KIDS)","SPICE MARINATED GRILLED STEAK*KIDS TACOS SERVED WITH JACK CHEESE, LATTUCE & CHOICE OF PROTEIN ON A CORN TORTILLA. (SINGLE TACO)**ALLERGY ALERT: IF YOU OR SOMEONE IN YOUR PARTY HAS A FOOD ALLERGY, PLEASE PLACE ORDER OVER THE PHONE. **CROSS-CONTAMINATION ALERT: ALTHOUGH WE TRY OUR BEST, UNFORTUNATELY CROSS-CONTACT WITH OTHER INGREDIENTS MAY OCCUR. REGRETTABLY, WE CANNOT GUARANTEE THE COMPLETE ABSENSE OF ALLERGENS.","$4.50","https://www.yelp.com/menu/tacoria-princeton/item/single-taco-grilled-chicken-kids","https://s3-media0.fl.yelpcdn.com/bphoto/u2mVRqt5WM2XNxsLzCIB4A/60s.jpg","SINGLE TACO - GRILLED CHICKEN (KIDS)","https://www.yelp.com/menu/tacoria-princeton/item/single-taco-grilled-chicken-kids","CITRUS KISSED GRILLED CHICKEN *KIDS TACOS SERVED WITH JACK CHEESE, LATTUCE & CHOICE OF PROTEIN ON A CORN TORTILLA. (SINGLE TACO)**ALLERGY ALERT: IF YOU OR SOMEONE IN YOUR PARTY HAS A FOOD ALLERGY, PLEASE PLACE ORDER OVER THE PHONE. **CROSS-CONTAMINATION ALERT: ALTHOUGH WE TRY OUR BEST, UNFORTUNATELY CROSS-CONTACT WITH OTHER INGREDIENTS MAY OCCUR. REGRETTABLY, WE CANNOT GUARANTEE THE COMPLETE ABSENSE OF ALLERGENS.","1 photo","[object Object]","$3.30","","","","","","","","","","","","","","","","","","","","",""
"QUESADILLA SUIZA (KIDS)!","","","","","","","","","","","","","","","","","","","","","","","","","","","","","","","","","",""
"","https://www.yelp.com/biz_user_photos/mC0Oir4IMjMSzJGORIW6pw/upload","https://s3-media0.fl.yelpcdn.com/assets/2/www/img/dca54f97fb84/default_avatars/menu_medium_square.png","QUESADILLA - STEAK (KIDS)","SPICE MARINATED GRILLED STEAK *QUESADILLA SERVED WITH CHEESE & CHOICE OF PROTEIN IN A FLOUR TORTILLA.**ALLERGY ALERT: IF YOU OR SOMEONE IN YOUR PARTY HAS A FOOD ALLERGY, PLEASE PLACE ORDER OVER THE PHONE. **CROSS-CONTAMINATION ALERT: ALTHOUGH WE TRY OUR BEST, UNFORTUNATELY CROSS-CONTACT WITH OTHER INGREDIENTS MAY OCCUR. REGRETTABLY, WE CANNOT GUARANTEE THE COMPLETE ABSENSE OF ALLERGENS.","$9.60","https://www.yelp.com/menu/tacoria-princeton/item/quesadilla-cheese-only-kids","https://s3-media0.fl.yelpcdn.com/bphoto/eUYL77vfGPgfJ5LbnlWNgw/60s.jpg","QUESADILLA - CHEESE ONLY (KIDS)","https://www.yelp.com/menu/tacoria-princeton/item/quesadilla-cheese-only-kids","CHEESE ONLY*QUESADILLA SERVED WITH CHEESE & CHOICE OF PROTEIN IN A FLOUR TORTILLA.**ALLERGY ALERT: IF YOU OR SOMEONE IN YOUR PARTY HAS A FOOD ALLERGY, PLEASE PLACE ORDER OVER THE PHONE. **CROSS-CONTAMINATION ALERT: ALTHOUGH WE TRY OUR BEST, UNFORTUNATELY CROSS-CONTACT WITH OTHER INGREDIENTS MAY OCCUR. REGRETTABLY, WE CANNOT GUARANTEE THE COMPLETE ABSENSE OF ALLERGENS.","1 photo","[object Object]","$7.75","https://www.yelp.com/biz_user_photos/mC0Oir4IMjMSzJGORIW6pw/upload","https://s3-media0.fl.yelpcdn.com/assets/2/www/img/dca54f97fb84/default_avatars/menu_medium_square.png","QUESADILLA - GRILLED CHICKEN (KIDS)","CITRUS KISSED GRILLED CHICKEN*QUESADILLA SERVED WITH CHEESE & CHOICE OF PROTEIN IN A FLOUR TORTILLA.**ALLERGY ALERT: IF YOU OR SOMEONE IN YOUR PARTY HAS A FOOD ALLERGY, PLEASE PLACE ORDER OVER THE PHONE. **CROSS-CONTAMINATION ALERT: ALTHOUGH WE TRY OUR BEST, UNFORTUNATELY CROSS-CONTACT WITH OTHER INGREDIENTS MAY OCCUR. REGRETTABLY, WE CANNOT GUARANTEE THE COMPLETE ABSENSE OF ALLERGENS.","$8.40","","","","","","","","","","","","","","","",""
"BOX - BURRITO (KIDS)!","","","","","","","","","","","","","","","","","","","","","","","","","","","","","","","","","",""
"","https://www.yelp.com/biz_user_photos/mC0Oir4IMjMSzJGORIW6pw/upload","https://s3-media0.fl.yelpcdn.com/assets/2/www/img/dca54f97fb84/default_avatars/menu_medium_square.png","BOX - STEAK (KIDS)","PICED MARINATED GRILLED STEAK*BOX SERVED WITH SEASONED RICE, BLACK BEANS, JACK CHEESE & CHOICE OF PROTEIN. **ALLERGY ALERT: IF YOU OR SOMEONE IN YOUR PARTY HAS A FOOD ALLERGY, PLEASE PLACE ORDER OVER THE PHONE. **CROSS-CONTAMINATION ALERT: ALTHOUGH WE TRY OUR BEST, UNFORTUNATELY CROSS-CONTACT WITH OTHER INGREDIENTS MAY OCCUR. REGRETTABLY, WE CANNOT GUARANTEE THE COMPLETE ABSENSE OF ALLERGENS.","$9.60","","","","","","","","","https://www.yelp.com/biz_user_photos/mC0Oir4IMjMSzJGORIW6pw/upload","https://s3-media0.fl.yelpcdn.com/assets/2/www/img/dca54f97fb84/default_avatars/menu_medium_square.png","BOX - GRILLED CHICKEN (KIDS)","CITRUS KISSED GRILLED CHICKEN *BOX SERVED WITH SEASONED RICE, BLACK BEANS, JACK CHEESE & CHOICE OF PROTEIN. **ALLERGY ALERT: IF YOU OR SOMEONE IN YOUR PARTY HAS A FOOD ALLERGY, PLEASE PLACE ORDER OVER THE PHONE. **CROSS-CONTAMINATION ALERT: ALTHOUGH WE TRY OUR BEST, UNFORTUNATELY CROSS-CONTACT WITH OTHER INGREDIENTS MAY OCCUR. REGRETTABLY, WE CANNOT GUARANTEE THE COMPLETE ABSENSE OF ALLERGENS.","$8.40","","","","","","https://www.yelp.com/biz_user_photos/mC0Oir4IMjMSzJGORIW6pw/upload","https://s3-media0.fl.yelpcdn.com/assets/2/www/img/dca54f97fb84/default_avatars/menu_medium_square.png","","SEASONED WHITE RICE WITH BLACK BEANS AND CHEESE. *BOX SERVED WITH SEASONED RICE, BLACK BEANS, JACK CHEESE & CHOICE OF PROTEIN. **ALLERGY ALERT: IF YOU OR SOMEONE IN YOUR PARTY HAS A FOOD ALLERGY, PLEASE PLACE ORDER OVER THE PHONE. **CROSS-CONTAMINATION ALERT: ALTHOUGH WE TRY OUR BEST, UNFORTUNATELY CROSS-CONTACT WITH OTHER INGREDIENTS MAY OCCUR. REGRETTABLY, WE CANNOT GUARANTEE THE COMPLETE ABSENSE OF ALLERGENS.","$6.00","","","","","","BOX - RICE & BEANS (KIDS)"
"NACHOS (KIDS)!","","","","","","","","","","","","","","","","","","","","","","","","","","","","","","","","","",""
"","https://www.yelp.com/biz_user_photos/mC0Oir4IMjMSzJGORIW6pw/upload","https://s3-media0.fl.yelpcdn.com/assets/2/www/img/dca54f97fb84/default_avatars/menu_medium_square.png","NACHOS - CHEESE ONLY (KIDS)","CHIPS WITH MELTED CHEESE**ALLERGY ALERT: IF YOU OR SOMEONE IN YOUR PARTY HAS A FOOD ALLERGY, PLEASE PLACE ORDER OVER THE PHONE. **CROSS-CONTAMINATION ALERT: ALTHOUGH WE TRY OUR BEST, UNFORTUNATELY CROSS-CONTACT WITH OTHER INGREDIENTS MAY OCCUR. REGRETTABLY, WE CANNOT GUARANTEE THE COMPLETE ABSENSE OF ALLERGENS.","$4.80","","","","","","","","","","","","","","","","","","","","","","","","","","","","",""
"SIDES (KIDS)!","","","","","","","","","","","","","","","","","","","","","","","","","","","","","","","","","",""
"","https://www.yelp.com/biz_user_photos/mC0Oir4IMjMSzJGORIW6pw/upload","https://s3-media0.fl.yelpcdn.com/assets/2/www/img/dca54f97fb84/default_avatars/menu_medium_square.png","ROASTED CORN (KIDS)","PLAIN ROASTED CORN (1/2 PIECE)**ALLERGY ALERT: IF YOU OR SOMEONE IN YOUR PARTY HAS A FOOD ALLERGY, PLEASE PLACE ORDER OVER THE PHONE. **CROSS-CONTAMINATION ALERT: ALTHOUGH WE TRY OUR BEST, UNFORTUNATELY CROSS-CONTACT WITH OTHER INGREDIENTS MAY OCCUR. REGRETTABLY, WE CANNOT GUARANTEE THE COMPLETE ABSENSE OF ALLERGENS.","$2.25","","","","","","","","","","","","","","","","","","","","","","","","","","","","",""
"DRINKS","","","","","","","","","","","","","","","","","","","","","","","","","","","","","","","","","",""
"","https://www.yelp.com/biz_user_photos/mC0Oir4IMjMSzJGORIW6pw/upload","https://s3-media0.fl.yelpcdn.com/assets/2/www/img/dca54f97fb84/default_avatars/menu_medium_square.png","TOPO CHICO","Sparkling mineral water, sourced and bottled in monterrey, mexico, offering a refreshing and crisp taste.","$4.20","","","","","","","","","https://www.yelp.com/biz_user_photos/mC0Oir4IMjMSzJGORIW6pw/upload","https://s3-media0.fl.yelpcdn.com/assets/2/www/img/dca54f97fb84/default_avatars/menu_medium_square.png","MEXICAN COCA COLA","The same great taste made with only pure cane sugar and served in a bottle.","$4.20","","","","","","","","","","","","","","","",""